key,cell,seed,status,eta,inner_lr,heldout_loss,heldout_loss_lawa,init_loss,final_train_loss,diverged,reason,theta_hash,wall_s,pid
A_flat_M16_H30_eta0.2|s0,A_flat_M16_H30_eta0.2,0,CENSORED,,,,,,,,"user CPU/energy stop 2026-10-08 ~02:35Z, 0/150 finished",,,
A_flat_M16_H30_eta0.2|s1,A_flat_M16_H30_eta0.2,1,CENSORED,,,,,,,,"user CPU/energy stop 2026-10-08 ~02:35Z, 0/150 finished",,,
A_flat_M16_H30_eta0.2|s2,A_flat_M16_H30_eta0.2,2,CENSORED,,,,,,,,"user CPU/energy stop 2026-10-08 ~02:35Z, 0/150 finished",,,
A_flat_M16_H30_eta0.6|s0,A_flat_M16_H30_eta0.6,0,CENSORED,,,,,,,,"user CPU/energy stop 2026-10-08 ~02:35Z, 0/150 finished",,,
A_flat_M16_H30_eta0.6|s1,A_flat_M16_H30_eta0.6,1,CENSORED,,,,,,,,"user CPU/energy stop 2026-10-08 ~02:35Z, 0/150 finished",,,
A_flat_M16_H30_eta0.6|s2,A_flat_M16_H30_eta0.6,2,CENSORED,,,,,,,,"user CPU/energy stop 2026-10-08 ~02:35Z, 0/150 finished",,,
A_flat_M16_H30_eta1.0|s0,A_flat_M16_H30_eta1.0,0,CENSORED,,,,,,,,"user CPU/energy stop 2026-10-08 ~02:35Z, 0/150 finished",,,
A_flat_M16_H30_eta1.0|s1,A_flat_M16_H30_eta1.0,1,CENSORED,,,,,,,,"user CPU/energy stop 2026-10-08 ~02:35Z, 0/150 finished",,,
A_flat_M16_H30_eta1.0|s2,A_flat_M16_H30_eta1.0,2,CENSORED,,,,,,,,"user CPU/energy stop 2026-10-08 ~02:35Z, 0/150 finished",,,
A_flat_M1_H30_eta0.2|s0,A_flat_M1_H30_eta0.2,0,CENSORED,,,,,,,,"user CPU/energy stop 2026-10-08 ~02:35Z, 0/150 finished",,,
A_flat_M1_H30_eta0.2|s1,A_flat_M1_H30_eta0.2,1,CENSORED,,,,,,,,"user CPU/energy stop 2026-10-08 ~02:35Z, 0/150 finished",,,
A_flat_M1_H30_eta0.2|s2,A_flat_M1_H30_eta0.2,2,CENSORED,,,,,,,,"user CPU/energy stop 2026-10-08 ~02:35Z, 0/150 finished",,,
A_flat_M1_H30_eta0.6|s0,A_flat_M1_H30_eta0.6,0,CENSORED,,,,,,,,"user CPU/energy stop 2026-10-08 ~02:35Z, 0/150 finished",,,
A_flat_M1_H30_eta0.6|s1,A_flat_M1_H30_eta0.6,1,CENSORED,,,,,,,,"user CPU/energy stop 2026-10-08 ~02:35Z, 0/150 finished",,,
A_flat_M1_H30_eta0.6|s2,A_flat_M1_H30_eta0.6,2,CENSORED,,,,,,,,"user CPU/energy stop 2026-10-08 ~02:35Z, 0/150 finished",,,
A_flat_M1_H30_eta1.0|s0,A_flat_M1_H30_eta1.0,0,CENSORED,,,,,,,,"user CPU/energy stop 2026-10-08 ~02:35Z, 0/150 finished",,,
A_flat_M1_H30_eta1.0|s1,A_flat_M1_H30_eta1.0,1,CENSORED,,,,,,,,"user CPU/energy stop 2026-10-08 ~02:35Z, 0/150 finished",,,
A_flat_M1_H30_eta1.0|s2,A_flat_M1_H30_eta1.0,2,CENSORED,,,,,,,,"user CPU/energy stop 2026-10-08 ~02:35Z, 0/150 finished",,,
A_flat_M2_H30_eta0.2|s0,A_flat_M2_H30_eta0.2,0,CENSORED,,,,,,,,"user CPU/energy stop 2026-10-08 ~02:35Z, 0/150 finished",,,
A_flat_M2_H30_eta0.2|s1,A_flat_M2_H30_eta0.2,1,CENSORED,,,,,,,,"user CPU/energy stop 2026-10-08 ~02:35Z, 0/150 finished",,,
A_flat_M2_H30_eta0.2|s2,A_flat_M2_H30_eta0.2,2,CENSORED,,,,,,,,"user CPU/energy stop 2026-10-08 ~02:35Z, 0/150 finished",,,
A_flat_M2_H30_eta0.4|s0,A_flat_M2_H30_eta0.4,0,CENSORED,,,,,,,,"user CPU/energy stop 2026-10-08 ~02:35Z, 0/150 finished",,,
A_flat_M2_H30_eta0.4|s1,A_flat_M2_H30_eta0.4,1,CENSORED,,,,,,,,"user CPU/energy stop 2026-10-08 ~02:35Z, 0/150 finished",,,
A_flat_M2_H30_eta0.4|s2,A_flat_M2_H30_eta0.4,2,CENSORED,,,,,,,,"user CPU/energy stop 2026-10-08 ~02:35Z, 0/150 finished",,,
A_flat_M2_H30_eta0.6|s0,A_flat_M2_H30_eta0.6,0,CENSORED,,,,,,,,"user CPU/energy stop 2026-10-08 ~02:35Z, 0/150 finished",,,
A_flat_M2_H30_eta0.6|s1,A_flat_M2_H30_eta0.6,1,CENSORED,,,,,,,,"user CPU/energy stop 2026-10-08 ~02:35Z, 0/150 finished",,,
A_flat_M2_H30_eta0.6|s2,A_flat_M2_H30_eta0.6,2,CENSORED,,,,,,,,"user CPU/energy stop 2026-10-08 ~02:35Z, 0/150 finished",,,
A_flat_M2_H30_eta0.8|s0,A_flat_M2_H30_eta0.8,0,CENSORED,,,,,,,,"user CPU/energy stop 2026-10-08 ~02:35Z, 0/150 finished",,,
A_flat_M2_H30_eta0.8|s1,A_flat_M2_H30_eta0.8,1,CENSORED,,,,,,,,"user CPU/energy stop 2026-10-08 ~02:35Z, 0/150 finished",,,
A_flat_M2_H30_eta0.8|s2,A_flat_M2_H30_eta0.8,2,CENSORED,,,,,,,,"user CPU/energy stop 2026-10-08 ~02:35Z, 0/150 finished",,,
A_flat_M2_H30_eta1.0|s0,A_flat_M2_H30_eta1.0,0,CENSORED,,,,,,,,"user CPU/energy stop 2026-10-08 ~02:35Z, 0/150 finished",,,
A_flat_M2_H30_eta1.0|s1,A_flat_M2_H30_eta1.0,1,CENSORED,,,,,,,,"user CPU/energy stop 2026-10-08 ~02:35Z, 0/150 finished",,,
A_flat_M2_H30_eta1.0|s2,A_flat_M2_H30_eta1.0,2,CENSORED,,,,,,,,"user CPU/energy stop 2026-10-08 ~02:35Z, 0/150 finished",,,
A_flat_M32_H30_eta0.2|s0,A_flat_M32_H30_eta0.2,0,CENSORED,,,,,,,,"user CPU/energy stop 2026-10-08 ~02:35Z, 0/150 finished",,,
A_flat_M32_H30_eta0.2|s1,A_flat_M32_H30_eta0.2,1,CENSORED,,,,,,,,"user CPU/energy stop 2026-10-08 ~02:35Z, 0/150 finished",,,
A_flat_M32_H30_eta0.2|s2,A_flat_M32_H30_eta0.2,2,CENSORED,,,,,,,,"user CPU/energy stop 2026-10-08 ~02:35Z, 0/150 finished",,,
A_flat_M32_H30_eta0.4|s0,A_flat_M32_H30_eta0.4,0,CENSORED,,,,,,,,"user CPU/energy stop 2026-10-08 ~02:35Z, 0/150 finished",,,
A_flat_M32_H30_eta0.4|s1,A_flat_M32_H30_eta0.4,1,CENSORED,,,,,,,,"user CPU/energy stop 2026-10-08 ~02:35Z, 0/150 finished",,,
A_flat_M32_H30_eta0.4|s2,A_flat_M32_H30_eta0.4,2,CENSORED,,,,,,,,"user CPU/energy stop 2026-10-08 ~02:35Z, 0/150 finished",,,
A_flat_M32_H30_eta0.6|s0,A_flat_M32_H30_eta0.6,0,CENSORED,,,,,,,,"user CPU/energy stop 2026-10-08 ~02:35Z, 0/150 finished",,,
A_flat_M32_H30_eta0.6|s1,A_flat_M32_H30_eta0.6,1,CENSORED,,,,,,,,"user CPU/energy stop 2026-10-08 ~02:35Z, 0/150 finished",,,
A_flat_M32_H30_eta0.6|s2,A_flat_M32_H30_eta0.6,2,CENSORED,,,,,,,,"user CPU/energy stop 2026-10-08 ~02:35Z, 0/150 finished",,,
A_flat_M32_H30_eta0.8|s0,A_flat_M32_H30_eta0.8,0,CENSORED,,,,,,,,"user CPU/energy stop 2026-10-08 ~02:35Z, 0/150 finished",,,
A_flat_M32_H30_eta0.8|s1,A_flat_M32_H30_eta0.8,1,CENSORED,,,,,,,,"user CPU/energy stop 2026-10-08 ~02:35Z, 0/150 finished",,,
A_flat_M32_H30_eta0.8|s2,A_flat_M32_H30_eta0.8,2,CENSORED,,,,,,,,"user CPU/energy stop 2026-10-08 ~02:35Z, 0/150 finished",,,
A_flat_M32_H30_eta1.0|s0,A_flat_M32_H30_eta1.0,0,CENSORED,,,,,,,,"user CPU/energy stop 2026-10-08 ~02:35Z, 0/150 finished",,,
A_flat_M32_H30_eta1.0|s1,A_flat_M32_H30_eta1.0,1,CENSORED,,,,,,,,"user CPU/energy stop 2026-10-08 ~02:35Z, 0/150 finished",,,
A_flat_M32_H30_eta1.0|s2,A_flat_M32_H30_eta1.0,2,CENSORED,,,,,,,,"user CPU/energy stop 2026-10-08 ~02:35Z, 0/150 finished",,,
A_flat_M4_H30_eta0.2|s0,A_flat_M4_H30_eta0.2,0,CENSORED,,,,,,,,"user CPU/energy stop 2026-10-08 ~02:35Z, 0/150 finished",,,
A_flat_M4_H30_eta0.2|s1,A_flat_M4_H30_eta0.2,1,CENSORED,,,,,,,,"user CPU/energy stop 2026-10-08 ~02:35Z, 0/150 finished",,,
A_flat_M4_H30_eta0.2|s2,A_flat_M4_H30_eta0.2,2,CENSORED,,,,,,,,"user CPU/energy stop 2026-10-08 ~02:35Z, 0/150 finished",,,
A_flat_M4_H30_eta0.6|s0,A_flat_M4_H30_eta0.6,0,CENSORED,,,,,,,,"user CPU/energy stop 2026-10-08 ~02:35Z, 0/150 finished",,,
A_flat_M4_H30_eta0.6|s1,A_flat_M4_H30_eta0.6,1,CENSORED,,,,,,,,"user CPU/energy stop 2026-10-08 ~02:35Z, 0/150 finished",,,
A_flat_M4_H30_eta0.6|s2,A_flat_M4_H30_eta0.6,2,CENSORED,,,,,,,,"user CPU/energy stop 2026-10-08 ~02:35Z, 0/150 finished",,,
A_flat_M4_H30_eta1.0|s0,A_flat_M4_H30_eta1.0,0,CENSORED,,,,,,,,"user CPU/energy stop 2026-10-08 ~02:35Z, 0/150 finished",,,
A_flat_M4_H30_eta1.0|s1,A_flat_M4_H30_eta1.0,1,CENSORED,,,,,,,,"user CPU/energy stop 2026-10-08 ~02:35Z, 0/150 finished",,,
A_flat_M4_H30_eta1.0|s2,A_flat_M4_H30_eta1.0,2,CENSORED,,,,,,,,"user CPU/energy stop 2026-10-08 ~02:35Z, 0/150 finished",,,
A_flat_M8_H30_eta0.2|s0,A_flat_M8_H30_eta0.2,0,CENSORED,,,,,,,,"user CPU/energy stop 2026-10-08 ~02:35Z, 0/150 finished",,,
A_flat_M8_H30_eta0.2|s1,A_flat_M8_H30_eta0.2,1,CENSORED,,,,,,,,"user CPU/energy stop 2026-10-08 ~02:35Z, 0/150 finished",,,
A_flat_M8_H30_eta0.2|s2,A_flat_M8_H30_eta0.2,2,CENSORED,,,,,,,,"user CPU/energy stop 2026-10-08 ~02:35Z, 0/150 finished",,,
A_flat_M8_H30_eta0.4|s0,A_flat_M8_H30_eta0.4,0,CENSORED,,,,,,,,"user CPU/energy stop 2026-10-08 ~02:35Z, 0/150 finished",,,
A_flat_M8_H30_eta0.4|s1,A_flat_M8_H30_eta0.4,1,CENSORED,,,,,,,,"user CPU/energy stop 2026-10-08 ~02:35Z, 0/150 finished",,,
A_flat_M8_H30_eta0.4|s2,A_flat_M8_H30_eta0.4,2,CENSORED,,,,,,,,"user CPU/energy stop 2026-10-08 ~02:35Z, 0/150 finished",,,
A_flat_M8_H30_eta0.6|s0,A_flat_M8_H30_eta0.6,0,CENSORED,,,,,,,,"user CPU/energy stop 2026-10-08 ~02:35Z, 0/150 finished",,,
A_flat_M8_H30_eta0.6|s1,A_flat_M8_H30_eta0.6,1,CENSORED,,,,,,,,"user CPU/energy stop 2026-10-08 ~02:35Z, 0/150 finished",,,
A_flat_M8_H30_eta0.6|s2,A_flat_M8_H30_eta0.6,2,CENSORED,,,,,,,,"user CPU/energy stop 2026-10-08 ~02:35Z, 0/150 finished",,,
A_flat_M8_H30_eta0.8|s0,A_flat_M8_H30_eta0.8,0,CENSORED,,,,,,,,"user CPU/energy stop 2026-10-08 ~02:35Z, 0/150 finished",,,
A_flat_M8_H30_eta0.8|s1,A_flat_M8_H30_eta0.8,1,CENSORED,,,,,,,,"user CPU/energy stop 2026-10-08 ~02:35Z, 0/150 finished",,,
A_flat_M8_H30_eta0.8|s2,A_flat_M8_H30_eta0.8,2,CENSORED,,,,,,,,"user CPU/energy stop 2026-10-08 ~02:35Z, 0/150 finished",,,
A_flat_M8_H30_eta1.0|s0,A_flat_M8_H30_eta1.0,0,CENSORED,,,,,,,,"user CPU/energy stop 2026-10-08 ~02:35Z, 0/150 finished",,,
A_flat_M8_H30_eta1.0|s1,A_flat_M8_H30_eta1.0,1,CENSORED,,,,,,,,"user CPU/energy stop 2026-10-08 ~02:35Z, 0/150 finished",,,
A_flat_M8_H30_eta1.0|s2,A_flat_M8_H30_eta1.0,2,CENSORED,,,,,,,,"user CPU/energy stop 2026-10-08 ~02:35Z, 0/150 finished",,,
B_anneal1_M32_H30|s0,B_anneal1_M32_H30,0,CENSORED,,,,,,,,"user CPU/energy stop 2026-10-08 ~02:35Z, 0/150 finished",,,
B_anneal1_M32_H30|s1,B_anneal1_M32_H30,1,CENSORED,,,,,,,,"user CPU/energy stop 2026-10-08 ~02:35Z, 0/150 finished",,,
B_anneal1_M32_H30|s2,B_anneal1_M32_H30,2,CENSORED,,,,,,,,"user CPU/energy stop 2026-10-08 ~02:35Z, 0/150 finished",,,
B_anneal1_M8_H30|s0,B_anneal1_M8_H30,0,CENSORED,,,,,,,,"user CPU/energy stop 2026-10-08 ~02:35Z, 0/150 finished",,,
B_anneal1_M8_H30|s1,B_anneal1_M8_H30,1,CENSORED,,,,,,,,"user CPU/energy stop 2026-10-08 ~02:35Z, 0/150 finished",,,
B_anneal1_M8_H30|s2,B_anneal1_M8_H30,2,CENSORED,,,,,,,,"user CPU/energy stop 2026-10-08 ~02:35Z, 0/150 finished",,,
B_anneal1_hier_R2x8_Hr5_Hg30|s0,B_anneal1_hier_R2x8_Hr5_Hg30,0,CENSORED,,,,,,,,"user CPU/energy stop 2026-10-08 ~02:35Z, 0/150 finished",,,
B_anneal1_hier_R2x8_Hr5_Hg30|s1,B_anneal1_hier_R2x8_Hr5_Hg30,1,CENSORED,,,,,,,,"user CPU/energy stop 2026-10-08 ~02:35Z, 0/150 finished",,,
B_anneal1_hier_R2x8_Hr5_Hg30|s2,B_anneal1_hier_R2x8_Hr5_Hg30,2,CENSORED,,,,,,,,"user CPU/energy stop 2026-10-08 ~02:35Z, 0/150 finished",,,
B_flat_M8_H100|s0,B_flat_M8_H100,0,CENSORED,,,,,,,,"user CPU/energy stop 2026-10-08 ~02:35Z, 0/150 finished",,,
B_flat_M8_H100|s1,B_flat_M8_H100,1,CENSORED,,,,,,,,"user CPU/energy stop 2026-10-08 ~02:35Z, 0/150 finished",,,
B_flat_M8_H100|s2,B_flat_M8_H100,2,CENSORED,,,,,,,,"user CPU/energy stop 2026-10-08 ~02:35Z, 0/150 finished",,,
B_flat_M8_H10|s0,B_flat_M8_H10,0,CENSORED,,,,,,,,"user CPU/energy stop 2026-10-08 ~02:35Z, 0/150 finished",,,
B_flat_M8_H10|s1,B_flat_M8_H10,1,CENSORED,,,,,,,,"user CPU/energy stop 2026-10-08 ~02:35Z, 0/150 finished",,,
B_flat_M8_H10|s2,B_flat_M8_H10,2,CENSORED,,,,,,,,"user CPU/energy stop 2026-10-08 ~02:35Z, 0/150 finished",,,
B_hier_R2x4_Hr10_Hg30|s0,B_hier_R2x4_Hr10_Hg30,0,CENSORED,,,,,,,,"user CPU/energy stop 2026-10-08 ~02:35Z, 0/150 finished",,,
B_hier_R2x4_Hr10_Hg30|s1,B_hier_R2x4_Hr10_Hg30,1,CENSORED,,,,,,,,"user CPU/energy stop 2026-10-08 ~02:35Z, 0/150 finished",,,
B_hier_R2x4_Hr10_Hg30|s2,B_hier_R2x4_Hr10_Hg30,2,CENSORED,,,,,,,,"user CPU/energy stop 2026-10-08 ~02:35Z, 0/150 finished",,,
B_hier_R2x4_Hr1_Hg30|s0,B_hier_R2x4_Hr1_Hg30,0,CENSORED,,,,,,,,"user CPU/energy stop 2026-10-08 ~02:35Z, 0/150 finished",,,
B_hier_R2x4_Hr1_Hg30|s1,B_hier_R2x4_Hr1_Hg30,1,CENSORED,,,,,,,,"user CPU/energy stop 2026-10-08 ~02:35Z, 0/150 finished",,,
B_hier_R2x4_Hr1_Hg30|s2,B_hier_R2x4_Hr1_Hg30,2,CENSORED,,,,,,,,"user CPU/energy stop 2026-10-08 ~02:35Z, 0/150 finished",,,
B_hier_R2x4_Hr5_Hg100|s0,B_hier_R2x4_Hr5_Hg100,0,CENSORED,,,,,,,,"user CPU/energy stop 2026-10-08 ~02:35Z, 0/150 finished",,,
B_hier_R2x4_Hr5_Hg100|s1,B_hier_R2x4_Hr5_Hg100,1,CENSORED,,,,,,,,"user CPU/energy stop 2026-10-08 ~02:35Z, 0/150 finished",,,
B_hier_R2x4_Hr5_Hg100|s2,B_hier_R2x4_Hr5_Hg100,2,CENSORED,,,,,,,,"user CPU/energy stop 2026-10-08 ~02:35Z, 0/150 finished",,,
B_hier_R2x4_Hr5_Hg10|s0,B_hier_R2x4_Hr5_Hg10,0,CENSORED,,,,,,,,"user CPU/energy stop 2026-10-08 ~02:35Z, 0/150 finished",,,
B_hier_R2x4_Hr5_Hg10|s1,B_hier_R2x4_Hr5_Hg10,1,CENSORED,,,,,,,,"user CPU/energy stop 2026-10-08 ~02:35Z, 0/150 finished",,,
B_hier_R2x4_Hr5_Hg10|s2,B_hier_R2x4_Hr5_Hg10,2,CENSORED,,,,,,,,"user CPU/energy stop 2026-10-08 ~02:35Z, 0/150 finished",,,
B_hier_R2x4_Hr5_Hg30|s0,B_hier_R2x4_Hr5_Hg30,0,CENSORED,,,,,,,,"user CPU/energy stop 2026-10-08 ~02:35Z, 0/150 finished",,,
B_hier_R2x4_Hr5_Hg30|s1,B_hier_R2x4_Hr5_Hg30,1,CENSORED,,,,,,,,"user CPU/energy stop 2026-10-08 ~02:35Z, 0/150 finished",,,
B_hier_R2x4_Hr5_Hg30|s2,B_hier_R2x4_Hr5_Hg30,2,CENSORED,,,,,,,,"user CPU/energy stop 2026-10-08 ~02:35Z, 0/150 finished",,,
B_hier_R2x8_Hr10_Hg30|s0,B_hier_R2x8_Hr10_Hg30,0,CENSORED,,,,,,,,"user CPU/energy stop 2026-10-08 ~02:35Z, 0/150 finished",,,
B_hier_R2x8_Hr10_Hg30|s1,B_hier_R2x8_Hr10_Hg30,1,CENSORED,,,,,,,,"user CPU/energy stop 2026-10-08 ~02:35Z, 0/150 finished",,,
B_hier_R2x8_Hr10_Hg30|s2,B_hier_R2x8_Hr10_Hg30,2,CENSORED,,,,,,,,"user CPU/energy stop 2026-10-08 ~02:35Z, 0/150 finished",,,
B_hier_R2x8_Hr1_Hg30|s0,B_hier_R2x8_Hr1_Hg30,0,CENSORED,,,,,,,,"user CPU/energy stop 2026-10-08 ~02:35Z, 0/150 finished",,,
B_hier_R2x8_Hr1_Hg30|s1,B_hier_R2x8_Hr1_Hg30,1,CENSORED,,,,,,,,"user CPU/energy stop 2026-10-08 ~02:35Z, 0/150 finished",,,
B_hier_R2x8_Hr1_Hg30|s2,B_hier_R2x8_Hr1_Hg30,2,CENSORED,,,,,,,,"user CPU/energy stop 2026-10-08 ~02:35Z, 0/150 finished",,,
B_hier_R2x8_Hr5_Hg30|s0,B_hier_R2x8_Hr5_Hg30,0,CENSORED,,,,,,,,"user CPU/energy stop 2026-10-08 ~02:35Z, 0/150 finished",,,
B_hier_R2x8_Hr5_Hg30|s1,B_hier_R2x8_Hr5_Hg30,1,CENSORED,,,,,,,,"user CPU/energy stop 2026-10-08 ~02:35Z, 0/150 finished",,,
B_hier_R2x8_Hr5_Hg30|s2,B_hier_R2x8_Hr5_Hg30,2,CENSORED,,,,,,,,"user CPU/energy stop 2026-10-08 ~02:35Z, 0/150 finished",,,
B_hier_R4x4_Hr10_Hg30|s0,B_hier_R4x4_Hr10_Hg30,0,CENSORED,,,,,,,,"user CPU/energy stop 2026-10-08 ~02:35Z, 0/150 finished",,,
B_hier_R4x4_Hr10_Hg30|s1,B_hier_R4x4_Hr10_Hg30,1,CENSORED,,,,,,,,"user CPU/energy stop 2026-10-08 ~02:35Z, 0/150 finished",,,
B_hier_R4x4_Hr10_Hg30|s2,B_hier_R4x4_Hr10_Hg30,2,CENSORED,,,,,,,,"user CPU/energy stop 2026-10-08 ~02:35Z, 0/150 finished",,,
B_hier_R4x4_Hr1_Hg30|s0,B_hier_R4x4_Hr1_Hg30,0,CENSORED,,,,,,,,"user CPU/energy stop 2026-10-08 ~02:35Z, 0/150 finished",,,
B_hier_R4x4_Hr1_Hg30|s1,B_hier_R4x4_Hr1_Hg30,1,CENSORED,,,,,,,,"user CPU/energy stop 2026-10-08 ~02:35Z, 0/150 finished",,,
B_hier_R4x4_Hr1_Hg30|s2,B_hier_R4x4_Hr1_Hg30,2,CENSORED,,,,,,,,"user CPU/energy stop 2026-10-08 ~02:35Z, 0/150 finished",,,
B_hier_R4x4_Hr5_Hg30|s0,B_hier_R4x4_Hr5_Hg30,0,CENSORED,,,,,,,,"user CPU/energy stop 2026-10-08 ~02:35Z, 0/150 finished",,,
B_hier_R4x4_Hr5_Hg30|s1,B_hier_R4x4_Hr5_Hg30,1,CENSORED,,,,,,,,"user CPU/energy stop 2026-10-08 ~02:35Z, 0/150 finished",,,
B_hier_R4x4_Hr5_Hg30|s2,B_hier_R4x4_Hr5_Hg30,2,CENSORED,,,,,,,,"user CPU/energy stop 2026-10-08 ~02:35Z, 0/150 finished",,,
B_muon_M2_H30|s0,B_muon_M2_H30,0,CENSORED,,,,,,,,"user CPU/energy stop 2026-10-08 ~02:35Z, 0/150 finished",,,
B_muon_M2_H30|s1,B_muon_M2_H30,1,CENSORED,,,,,,,,"user CPU/energy stop 2026-10-08 ~02:35Z, 0/150 finished",,,
B_muon_M2_H30|s2,B_muon_M2_H30,2,CENSORED,,,,,,,,"user CPU/energy stop 2026-10-08 ~02:35Z, 0/150 finished",,,
B_muon_M32_H30|s0,B_muon_M32_H30,0,CENSORED,,,,,,,,"user CPU/energy stop 2026-10-08 ~02:35Z, 0/150 finished",,,
B_muon_M32_H30|s1,B_muon_M32_H30,1,CENSORED,,,,,,,,"user CPU/energy stop 2026-10-08 ~02:35Z, 0/150 finished",,,
B_muon_M32_H30|s2,B_muon_M32_H30,2,CENSORED,,,,,,,,"user CPU/energy stop 2026-10-08 ~02:35Z, 0/150 finished",,,
B_muon_M8_H30|s0,B_muon_M8_H30,0,CENSORED,,,,,,,,"user CPU/energy stop 2026-10-08 ~02:35Z, 0/150 finished",,,
B_muon_M8_H30|s1,B_muon_M8_H30,1,CENSORED,,,,,,,,"user CPU/energy stop 2026-10-08 ~02:35Z, 0/150 finished",,,
B_muon_M8_H30|s2,B_muon_M8_H30,2,CENSORED,,,,,,,,"user CPU/energy stop 2026-10-08 ~02:35Z, 0/150 finished",,,
B_sparseloco_M2_H30|s0,B_sparseloco_M2_H30,0,CENSORED,,,,,,,,"user CPU/energy stop 2026-10-08 ~02:35Z, 0/150 finished",,,
B_sparseloco_M2_H30|s1,B_sparseloco_M2_H30,1,CENSORED,,,,,,,,"user CPU/energy stop 2026-10-08 ~02:35Z, 0/150 finished",,,
B_sparseloco_M2_H30|s2,B_sparseloco_M2_H30,2,CENSORED,,,,,,,,"user CPU/energy stop 2026-10-08 ~02:35Z, 0/150 finished",,,
B_sparseloco_M32_H30|s0,B_sparseloco_M32_H30,0,CENSORED,,,,,,,,"user CPU/energy stop 2026-10-08 ~02:35Z, 0/150 finished",,,
B_sparseloco_M32_H30|s1,B_sparseloco_M32_H30,1,CENSORED,,,,,,,,"user CPU/energy stop 2026-10-08 ~02:35Z, 0/150 finished",,,
B_sparseloco_M32_H30|s2,B_sparseloco_M32_H30,2,CENSORED,,,,,,,,"user CPU/energy stop 2026-10-08 ~02:35Z, 0/150 finished",,,
B_sparseloco_M8_H30|s0,B_sparseloco_M8_H30,0,CENSORED,,,,,,,,"user CPU/energy stop 2026-10-08 ~02:35Z, 0/150 finished",,,
B_sparseloco_M8_H30|s1,B_sparseloco_M8_H30,1,CENSORED,,,,,,,,"user CPU/energy stop 2026-10-08 ~02:35Z, 0/150 finished",,,
B_sparseloco_M8_H30|s2,B_sparseloco_M8_H30,2,CENSORED,,,,,,,,"user CPU/energy stop 2026-10-08 ~02:35Z, 0/150 finished",,,
B_stream_M8_P3_tau0|s0,B_stream_M8_P3_tau0,0,CENSORED,,,,,,,,"user CPU/energy stop 2026-10-08 ~02:35Z, 0/150 finished",,,
B_stream_M8_P3_tau0|s1,B_stream_M8_P3_tau0,1,CENSORED,,,,,,,,"user CPU/energy stop 2026-10-08 ~02:35Z, 0/150 finished",,,
B_stream_M8_P3_tau0|s2,B_stream_M8_P3_tau0,2,CENSORED,,,,,,,,"user CPU/energy stop 2026-10-08 ~02:35Z, 0/150 finished",,,
B_stream_M8_P3_tau1|s0,B_stream_M8_P3_tau1,0,CENSORED,,,,,,,,"user CPU/energy stop 2026-10-08 ~02:35Z, 0/150 finished",,,
B_stream_M8_P3_tau1|s1,B_stream_M8_P3_tau1,1,CENSORED,,,,,,,,"user CPU/energy stop 2026-10-08 ~02:35Z, 0/150 finished",,,
B_stream_M8_P3_tau1|s2,B_stream_M8_P3_tau1,2,CENSORED,,,,,,,,"user CPU/energy stop 2026-10-08 ~02:35Z, 0/150 finished",,,
DP_lr0.0003|s0,DP_lr0.0003,0,CENSORED,,,,,,,,"user CPU/energy stop 2026-10-08 ~02:35Z, 0/150 finished",,,
DP_lr0.0003|s1,DP_lr0.0003,1,CENSORED,,,,,,,,"user CPU/energy stop 2026-10-08 ~02:35Z, 0/150 finished",,,
DP_lr0.0003|s2,DP_lr0.0003,2,CENSORED,,,,,,,,"user CPU/energy stop 2026-10-08 ~02:35Z, 0/150 finished",,,
DP_lr0.001|s0,DP_lr0.001,0,CENSORED,,,,,,,,"user CPU/energy stop 2026-10-08 ~02:35Z, 0/150 finished",,,
DP_lr0.001|s1,DP_lr0.001,1,CENSORED,,,,,,,,"user CPU/energy stop 2026-10-08 ~02:35Z, 0/150 finished",,,
DP_lr0.001|s2,DP_lr0.001,2,CENSORED,,,,,,,,"user CPU/energy stop 2026-10-08 ~02:35Z, 0/150 finished",,,
