kind,arm,M,H,seed,outer_lr,outer_momentum,state_policy,rewarmup_steps,steps,status,heldout_loss,final_train_loss,diverged,reason,theta_hash,wall_s,pid
diloco,A0,2,30,0,0.2,0.8999999761581421,carry,0,600,DONE,1.9445682987570763,1.8591874837875366,False,,df954a46bf54c69481bee1c42bd5407b0058c75afaa69c4f9de9fbab944fea35,3221.9,1541112
diloco,A0,2,30,1,0.2,0.8999999761581421,carry,0,600,DONE,1.885812759399414,1.8361881971359253,False,,4be39d18ff63d792931c4f0912eb9a57e486845c46398186a99152ef1ef3b79e,2780.3,1541142
diloco,A0,2,30,2,0.2,0.8999999761581421,carry,0,600,DONE,1.967158980667591,1.935776948928833,False,,b717a2b7605a13daf575c4123967e83f5fe3d9a67878240423eb00a942b16b46,4033.1,1541159
diloco,A0,2,30,0,0.4,0.8999999761581421,carry,0,600,DONE,1.8781159445643425,1.7940524816513062,False,,aef48dbac8b7319ef2d05e386ce79b5eabe32760cffe40e4ca6763ab7225a323,3028.3,1541125
diloco,A0,2,30,1,0.4,0.8999999761581421,carry,0,600,DONE,1.8312928155064583,1.8060340881347656,False,,b1860b8c679edf17a10cd05a937a80a65e26a58921067a08da0ba4e8cb9cc1dc,2891.0,1541116
diloco,A0,2,30,2,0.4,0.8999999761581421,carry,0,600,DONE,1.8896701782941818,1.8496073484420776,False,,90c7ea0851aa75de8d8fec92c4a76229c117f60134545c1ae10e4adbcfc11b33,3941.7,1541121
diloco,A0,2,30,0,0.7,0.8999999761581421,carry,0,600,DONE,1.8977249190211296,1.7834254503250122,False,,228ec03588f8093c6db435c748c51e87256f0b3275972290ac44e9e4157c1806,2997.1,1541112
diloco,A0,2,30,1,0.7,0.8999999761581421,carry,0,600,DONE,1.8676173314452171,1.833627700805664,False,,d86c08831af85ea4f2a098c24d4250cf05e68ad29fe9818bc88f61aed233a244,2940.5,1541166
diloco,A0,2,30,2,0.7,0.8999999761581421,carry,0,600,DONE,1.8976662755012512,1.8406749963760376,False,,7a547ca9dd25bde9f70312da9419c43c3bb886e849d33275deef374a51ff1ac7,3992.4,1541152
diloco,A0,2,30,0,1.0,0.8999999761581421,carry,0,600,DONE,1.9910195991396904,1.8805419206619263,False,,43bc555ef2a88505f5a691a6ba4ddc7133c55f8fa1c5ce6f7a39fcbfb0b69f97,2725.2,1541132
diloco,A0,2,30,1,1.0,0.8999999761581421,carry,0,600,DONE,2.002291187644005,1.960935354232788,False,,01a5888099d012d8dce66f6681f997ddd97cb5ff6d062940423b7bf86ea854d4,2864.7,1541169
diloco,A0,2,30,2,1.0,0.8999999761581421,carry,0,600,DONE,2.011657103896141,1.9575663805007935,False,,92385fa37a55c511fb0f232980cb8348fd052969add385182180cdb1e71f74ba,3845.3,1541128
diloco,A0,2,100,0,0.2,0.8999999761581421,carry,0,600,DONE,2.0398955419659615,1.8404628038406372,False,,d0c5e2bf198e4f73572789744cb088067f4a57258a58c9c80661e6c459077a86,4009.7,1541163
diloco,A0,2,100,1,0.2,0.8999999761581421,carry,0,600,DONE,2.0102790147066116,1.835463523864746,False,,bd9b50c47975b0e6286e2fb0ac27ac9bde90426daba0f9771bfce14bed2d39a6,3382.4,1541153
diloco,A0,2,100,2,0.2,0.8999999761581421,carry,0,600,DONE,2.0882411748170853,1.9093451499938965,False,,b55e9f8d8af93e28836d0976e862bc5ab42dca26b44322d40d06f87b1ed49296,2647.9,1541122
diloco,A0,2,100,0,0.4,0.8999999761581421,carry,0,600,DONE,1.8727452829480171,1.7471576929092407,False,,2bf026b31f2887ee52563737dc75f3ede250f8f5f832d7929d73e8cc320ad334,4025.4,1541146
diloco,A0,2,100,1,0.4,0.8999999761581421,carry,0,600,DONE,1.851563721895218,1.7437620162963867,False,,af77f09f9da9c66eba5a38935724bb8a9a5e2706eb6c5dad732bd069982e3f6c,3309.7,1541169
diloco,A0,2,100,2,0.4,0.8999999761581421,carry,0,600,DONE,1.9308742061257362,1.8205833435058594,False,,9f4e6a1492525809adb82d66c0511e7eefb37f35979a866891743ca3210a7d27,2705.8,1541118
diloco,A0,2,100,0,0.7,0.8999999761581421,carry,0,600,DONE,1.836976371705532,1.7508783340454102,False,,ce9c646862391ecc4061a2a6a3f22bd960092d564cbe2605331e9c4b4cdbf823,3835.1,1541127
diloco,A0,2,100,1,0.7,0.8999999761581421,carry,0,600,DONE,1.8119933009147644,1.7522852420806885,False,,12d8b66b60a45e88bb224ff7945037ed6feadfb7fa32676b5be964f032df17d9,3394.8,1541116
diloco,A0,2,100,2,0.7,0.8999999761581421,carry,0,600,DONE,1.8724941685795784,1.8136787414550781,False,,dbcea7b4ebcd7ab3a4bb9dadc8bfe492900d2b38b4017a1aedd58a8679e59518,2406.8,1541131
diloco,A0,2,100,0,1.0,0.8999999761581421,carry,0,600,DONE,1.9023497104644775,1.8208560943603516,False,,c961b663cae930b8bb19324f947e7e1b2c0710d0597163a1e38b508649bc78a1,3801.0,1541174
diloco,A0,2,100,1,1.0,0.8999999761581421,carry,0,600,DONE,1.8766420632600784,1.8042681217193604,False,,fb7b727502b3369aa8b35954010f14593be695e7737599ce373d96dcc8d893f5,3353.1,1541157
diloco,A0,2,100,2,1.0,0.8999999761581421,carry,0,600,DONE,1.9158936217427254,1.8405940532684326,False,,fc94c94bc514a5c097cefd94f79379db4c158698a6650add80c0b533fba3dc07,2816.7,1541121
diloco,A0,4,30,0,0.2,0.8999999761581421,carry,0,600,DONE,1.9238957464694977,1.9420799016952515,False,,afded3dd907914ce31e7c647162cfbc8a2e74de0a2359376272d13d1efafd73b,6285.0,1541120
diloco,A0,4,30,1,0.2,0.8999999761581421,carry,0,600,DONE,1.891188234090805,1.9673947095870972,False,,a653844ccfbba081beddf0f2128ebdddd479bf8b08f59e589b58a17f572fbb78,6775.5,1541128
diloco,A0,4,30,2,0.2,0.8999999761581421,carry,0,600,DONE,1.9596429467201233,1.951513648033142,False,,6df835d55b2cf3218c2e0675012dbdb92d483db60789f883165057a2e4506a56,6428.3,1541170
diloco,A0,4,30,0,0.4,0.8999999761581421,carry,0,600,DONE,1.8480166345834732,1.8671382665634155,False,,ab237fc2de3fb7c26f2644c5f814b04379c80be95ad9c5c381b1f181e74c61c8,6767.0,1541118
diloco,A0,4,30,1,0.4,0.8999999761581421,carry,0,600,DONE,1.815754160284996,1.8770384788513184,False,,21306e09f27218a7950668bee1316b5ab01b54cc97e97f72912857e472dd454e,6908.1,1541136
diloco,A0,4,30,2,0.4,0.8999999761581421,carry,0,600,DONE,1.8650801181793213,1.85308837890625,False,,ab06837f2ea80f11559cdc93712a1bf75d65f8d433b2619dce232a1d8540e5ce,6895.3,1541172
diloco,A0,4,30,0,0.7,0.8999999761581421,carry,0,600,DONE,1.8462152853608131,1.8608436584472656,False,,deb0576f4418c665db014800b5e685f7285f93068e27ee9867e39871d3c0ee3e,6316.6,1541117
diloco,A0,4,30,1,0.7,0.8999999761581421,carry,0,600,DONE,1.822806715965271,1.896599292755127,False,,413208c5e82f121fb2c6d479ea7d67ba2d52111690e80e2d60efd8f1c2c610e2,6853.7,1541150
diloco,A0,4,30,2,0.7,0.8999999761581421,carry,0,600,DONE,1.862917199730873,1.8224483728408813,False,,389130af34c761cb92688b28f7f4dc5b0a47f8cefdbd04de4a189592e46346ad,6376.7,1541169
diloco,A0,4,30,0,1.0,0.8999999761581421,carry,0,600,DONE,1.9455702602863312,1.9362852573394775,False,,4d39ed01f7196e8251ac357c7fadeaf4f3260cdae633b340433b5e9048b5d82c,6813.5,1541126
diloco,A0,4,30,1,1.0,0.8999999761581421,carry,0,600,DONE,1.9366720169782639,2.0112483501434326,False,,fdcd947d26b1b6ec7f4f387596e88bca87e0e087d80ac5dfe9c2edf0ff7bd207,6308.1,1541144
diloco,A0,4,30,2,1.0,0.8999999761581421,carry,0,600,DONE,1.9864735081791878,1.9722422361373901,False,,0ccc360e15f415f7119a8ae906579f39db8f67069d138765759d33d17733f115,6866.8,1541163
diloco,A0,4,100,0,0.2,0.8999999761581421,carry,0,600,DONE,2.0144699588418007,1.8162975311279297,False,,f16b0abeaa6de18c199ead89e99b3e761fd72a924e2d69f8025a84e1514fcf1a,6076.9,1541132
diloco,A0,4,100,1,0.2,0.8999999761581421,carry,0,600,DONE,2.0059656351804733,1.7856281995773315,False,,dfd1d2fa1200e5a3c2406fd53427717f9f6a4785aa017fc363ac38a92e16dac9,6088.7,1541143
diloco,A0,4,100,2,0.2,0.8999999761581421,carry,0,600,DONE,2.098754048347473,2.063298225402832,False,,b0bc2dbbd64620b7ed9298cda2313bae3e1f28060b83da0f970f98077c49663f,6729.0,1541177
diloco,A0,4,100,0,0.4,0.8999999761581421,carry,0,600,DONE,1.8461890518665314,1.7378941774368286,False,,fd6847d8264f2bee3abcab204499d944c7d47bc4949c9169868c01014f9baf14,6147.1,1541147
diloco,A0,4,100,1,0.4,0.8999999761581421,carry,0,600,DONE,1.8483265340328217,1.7056918144226074,False,,3a51bd50b8b5b029a91159214974afab0d412313f1bd314d6bf4195bbde2b694,6133.6,1541158
diloco,A0,4,100,2,0.4,0.8999999761581421,carry,0,600,DONE,1.9263554811477661,1.974269151687622,False,,aa8f3be8f67977e51c9933a0b44bd3408995399259bc3ed47a8c3d4cf1e7647e,6637.5,1541150
diloco,A0,4,100,0,0.7,0.8999999761581421,carry,0,600,DONE,1.7935418337583542,1.7126973867416382,False,,8af85668cc60e4d249179738a3c6dd7ccbde87c1cea7a08967c8cec7d423f45f,6100.9,1541120
diloco,A0,4,100,1,0.7,0.8999999761581421,carry,0,600,DONE,1.7954547926783562,1.6997308731079102,False,,97d6afd6a0c5f41cd898977f4fcd9ca3a06dc50a03e231cc411b747519cbdbdf,6069.0,1541170
diloco,A0,4,100,2,0.7,0.8999999761581421,carry,0,600,DONE,1.8422270640730858,1.9227575063705444,False,,76d898e5488f7321f0e4294f971714d4db749ed99dda9386b58f788715c3064b,6886.8,1541127
diloco,A0,4,100,0,1.0,0.8999999761581421,carry,0,600,DONE,1.8512103483080864,1.770917534828186,False,,d8f55c102d4210e79003298963719cab44db44481c028184a636951c2b1bec21,6127.6,1541123
diloco,A0,4,100,1,1.0,0.8999999761581421,carry,0,600,DONE,1.8357009887695312,1.7193682193756104,False,,45d552aff4ae4428ae70d786d8438830c68731ed404a21484cd8560b9a4eee49,6038.5,1541173
diloco,A0,4,100,2,1.0,0.8999999761581421,carry,0,600,DONE,1.8656776547431946,1.9581048488616943,False,,f2a779732a1bd941ef44b6cf74d034697381b7ed616574176a3e701fef9cd2c9,6673.2,1541171
diloco,A1,2,30,0,0.2,0.8999999761581421,reset,0,600,DONE,2.0502026230096817,1.9639697074890137,False,,49a469ae69aebbff1b8fa92e506b43908db6bafa4c92d3a4df82759ed6b99465,2912.0,1541120
diloco,A1,2,30,1,0.2,0.8999999761581421,reset,0,600,DONE,2.064772240817547,2.015777587890625,False,,3800216e9351698d626372e0bb51111f9675eb1aaec700f4a8808b0b1c1891ef,2950.9,1541158
diloco,A1,2,30,2,0.2,0.8999999761581421,reset,0,600,DONE,2.070800207555294,2.0281822681427,False,,926ad23d0edd5307a934141142dadba101724e0f8d6fa1bf0aea30c892700352,3941.2,1541177
diloco,A1,2,30,0,0.4,0.8999999761581421,reset,0,600,DONE,1.9262493029236794,1.8409425020217896,False,,f43ff82efa9d16e8d1e2a3620d1e8352802e97d02e6a462ce85be9a656dc9366,2906.1,1541117
diloco,A1,2,30,1,0.4,0.8999999761581421,reset,0,600,DONE,1.928189978003502,1.8951371908187866,False,,5d559779e4acd45e3bb8b0733de0a18afd3efb7e77d68c8253da4548bb7f4bfb,3023.2,1541165
diloco,A1,2,30,2,0.4,0.8999999761581421,reset,0,600,DONE,1.9361309930682182,1.8989678621292114,False,,86e5b7420580610a616c72b83c931437a124fb826172fadcc0e2974d5def4c6f,3956.7,1541167
diloco,A1,2,30,0,0.7,0.8999999761581421,reset,0,600,DONE,1.9074574932456017,1.8047760725021362,False,,b414642caaa06319e72e6d22af432f0edcbc10cbeccb92be3950e53317fa7222,2658.5,1541139
diloco,A1,2,30,1,0.7,0.8999999761581421,reset,0,600,DONE,1.9018067717552185,1.871745228767395,False,,4d3199beec4cb3b4fea1e914f412d69016b57d608b536a4df2680aeef82b22e0,2945.7,1541115
diloco,A1,2,30,2,0.7,0.8999999761581421,reset,0,600,DONE,1.9138703793287277,1.8621665239334106,False,,02594716566c07ad005cb319658fe06c744fad82c73a80a58291c384cac1554d,3861.2,1541122
diloco,A1,2,30,0,1.0,0.8999999761581421,reset,0,600,DONE,1.9467765390872955,1.8332732915878296,False,,c9f2e55dff37f95cc622fdd6b4be08800c7437d962f3e1532294da8c4305e6bd,2852.6,1541147
diloco,A1,2,30,1,1.0,0.8999999761581421,reset,0,600,DONE,1.9306270405650139,1.8866631984710693,False,,2ce1b2e2a6e879e9294819e2eb257eb30d9073b4519bcdb6fa6ae5effd78b389,2850.8,1541162
diloco,A1,2,30,2,1.0,0.8999999761581421,reset,0,600,DONE,1.95885818451643,1.9002585411071777,False,,8c8fb49288ff4cfdd51c486c6db9744bc42c31678296dc8928dccf60b8d6d1ae,3995.0,1541126
diloco,A1,2,100,0,0.2,0.8999999761581421,reset,0,600,DONE,2.08257008343935,1.8993847370147705,False,,d0aca335b6fa75c3ce5ee89c01bf464000a70045fc66e7f60786e8fad1d5ab7d,3455.4,1541132
diloco,A1,2,100,1,0.2,0.8999999761581421,reset,0,600,DONE,2.098504774272442,1.915667176246643,False,,285c1d2c437d8095d8d89b75cba0eb1abdfb167d9d6101dcde10afa28db76251,3364.0,1541162
diloco,A1,2,100,2,0.2,0.8999999761581421,reset,0,600,DONE,2.1197942793369293,1.951470971107483,False,,f4293c61f75c0449f0da33ce1ddebf5cbdd2642e497f2be620b83632f41ea619,2849.8,1541177
diloco,A1,2,100,0,0.4,0.8999999761581421,reset,0,600,DONE,1.9018783867359161,1.7859654426574707,False,,25e04d904842a6a2de719ba705db5106ed988f6bfa566d799fcc1e99b6685aa5,3268.4,1541139
diloco,A1,2,100,1,0.4,0.8999999761581421,reset,0,600,DONE,1.9190520197153091,1.8322045803070068,False,,bc1447e5ee1543f199f3ed8ceaed8a9cb6f286c906e1ac40651be724b04d975b,3322.9,1541166
diloco,A1,2,100,2,0.4,0.8999999761581421,reset,0,600,DONE,1.9581825658679008,1.864888310432434,False,,dbebfccb33e8e1af4ae885e5d69d470e3da866975b66304209d670ebf3a7ffe6,2781.5,1541171
diloco,A1,2,100,0,0.7,0.8999999761581421,reset,0,600,DONE,1.8402469158172607,1.7671023607254028,False,,22b7babd0b6db35469422b84bbb0752bf3143d6d038ff028624d053533f79757,3500.2,1541123
diloco,A1,2,100,1,0.7,0.8999999761581421,reset,0,600,DONE,1.8172635659575462,1.774832844734192,False,,7ff441b380f0f55b91c989a8bd212470316c2903b1b4f835dee835e3056cc495,3221.3,1541178
diloco,A1,2,100,2,0.7,0.8999999761581421,reset,0,600,DONE,1.882252760231495,1.8159313201904297,False,,22ff5adface7f54d491ef52c74aaf01f57738bf5ffffab6d1519873955b6a5b0,2835.5,1541167
diloco,A1,2,100,0,1.0,0.8999999761581421,reset,0,600,DONE,1.8916261419653893,1.810402512550354,False,,a881d730d9699a0a60303d2854a6861e16ea0240444fdf0514076cd0b86a6975,3301.0,1541164
diloco,A1,2,100,1,1.0,0.8999999761581421,reset,0,600,DONE,1.8814071416854858,1.8097102642059326,False,,e4c197b93af29688bf6ce5bb23a42888f2efd12967dcb5f911179482f71847f2,3348.6,1541158
diloco,A1,2,100,2,1.0,0.8999999761581421,reset,0,600,DONE,1.8951840698719025,1.829493522644043,False,,595964bcc4e9436f60dff1b0c29a0a2e48f9af98319a7bf74fc762c62f9a202e,2879.9,1541152
diloco,A1,4,30,0,0.2,0.8999999761581421,reset,0,600,DONE,2.0621384605765343,2.0500688552856445,False,,a3d04ea26009ea057b08eb2c62c337e49e6ea5deff1df2b99f21da7da9ebf0b2,6769.1,1541131
diloco,A1,4,30,1,0.2,0.8999999761581421,reset,0,600,DONE,2.0751178935170174,2.1528232097625732,False,,9abcde7bb3e09b9ed41688ce3a2b28ab784cbad7db2c4171f3f540ea2b25227b,6945.0,1541141
diloco,A1,4,30,2,0.2,0.8999999761581421,reset,0,600,DONE,2.0587704330682755,2.070723533630371,False,,5c6717fb6d0f35b10c1fc67767a9136100697067636c2fa99acaa9fe7789e8fb,6729.3,1541160
diloco,A1,4,30,0,0.4,0.8999999761581421,reset,0,600,DONE,1.936539426445961,1.945048213005066,False,,6303e083bd70e7c9a3bebfa7f6e31394268b533268c179147a3a794807905979,6347.8,1541115
diloco,A1,4,30,1,0.4,0.8999999761581421,reset,0,600,DONE,1.898541420698166,1.9758144617080688,False,,91571cd14a6341e89f273c9e58a34fa35c047e08d36143c48f60328874cad5cc,6768.6,1541152
diloco,A1,4,30,2,0.4,0.8999999761581421,reset,0,600,DONE,1.9339659288525581,1.923128604888916,False,,2a32f9e4c5d0b84a09d1080dafb9c875f49bd02dee51903110a4e5f4f652f40c,6452.9,1541155
diloco,A1,4,30,0,0.7,0.8999999761581421,reset,0,600,DONE,1.8645901009440422,1.8808493614196777,False,,6e6c58ecd6fe073ecf2f9777b824db0b399b2ccd985712355cca1fea3b6761d9,6300.8,1541123
diloco,A1,4,30,1,0.7,0.8999999761581421,reset,0,600,DONE,1.8471332713961601,1.911988615989685,False,,55dea301e51d624934497aa286e072020347d6bbf90952e355753c38c3713631,6367.4,1541140
diloco,A1,4,30,2,0.7,0.8999999761581421,reset,0,600,DONE,1.866443783044815,1.8516091108322144,False,,90ff17a02ecd359c8e9ccda55107efb8caad1f2bb9772aa8eec8c590ebb78e0a,6390.8,1541168
diloco,A1,4,30,0,1.0,0.8999999761581421,reset,0,600,DONE,1.8758151903748512,1.902182936668396,False,,a4c36459c87bcfb567a8222dbae14aec6fb1e3eb4aa7d71660b85ddf71a4b67a,6789.1,1541138
diloco,A1,4,30,1,1.0,0.8999999761581421,reset,0,600,DONE,1.8559492975473404,1.919492483139038,False,,7c0dcf6483f5ac0821e3751f6b0b6a535d951a3402d10fb5cdb39c47bb18e165,6867.7,1541148
diloco,A1,4,30,2,1.0,0.8999999761581421,reset,0,600,DONE,1.8802077397704124,1.8588769435882568,False,,bd0b584811675872b1ef045e15dd89b08c432c0fdd5ed6ca2523c5c07a958362,6453.9,1541178
diloco,A1,4,100,0,0.2,0.8999999761581421,reset,0,600,DONE,2.064148426055908,1.8699274063110352,False,,631c999f6f879e844dd2b0774a8fce5b3ba1d3664a91f1bee749364a491eb670,6138.5,1541144
diloco,A1,4,100,1,0.2,0.8999999761581421,reset,0,600,DONE,2.1037717908620834,1.9012049436569214,False,,8ad62e84655f5b15f0e8a5ef2bdef7d71383707c35b0d91cad97ba82dc495445,6042.2,1541155
diloco,A1,4,100,2,0.2,0.8999999761581421,reset,0,600,DONE,2.126265376806259,2.117398262023926,False,,da5020f2d1051e7edfbedf50094a2e2d84968feac1a4ac6eba9318152290f136,6846.8,1541148
diloco,A1,4,100,0,0.4,0.8999999761581421,reset,0,600,DONE,1.873165600001812,1.770029902458191,False,,9d01fc85bea1b63fb4a31409ed81c24404266ecfa534501b291e560e716fd2f7,6144.4,1541175
diloco,A1,4,100,1,0.4,0.8999999761581421,reset,0,600,DONE,1.881232038140297,1.7536230087280273,False,,2b1df88b264295ff784908b1cdd2268fb40ed0e644bd3aa8a2b50d29991bd886,6164.4,1541178
diloco,A1,4,100,2,0.4,0.8999999761581421,reset,0,600,DONE,1.9603710696101189,2.015535831451416,False,,ef1b8a040dda426ecb0da1ca0e92c405ed02fac1f5fc7334e06c36538cc231d1,6777.9,1541130
diloco,A1,4,100,0,0.7,0.8999999761581421,reset,0,600,DONE,1.8059412986040115,1.744509220123291,False,,394f717960220e98aa0b6aa96950d3d223cb35c31a81581608bb2c3ffbd93aed,6171.7,1541157
diloco,A1,4,100,1,0.7,0.8999999761581421,reset,0,600,DONE,1.8127211332321167,1.7204262018203735,False,,fdca4760a08e3d05804abc2fae8c94092212d6a642e2705c12565535197a2b96,6103.9,1541165
diloco,A1,4,100,2,0.7,0.8999999761581421,reset,0,600,DONE,1.8577820956707,1.9552654027938843,False,,6bf511532deacc78d7ff3147cfc67393be6f46b0c89de050c00b324061efdea4,6845.8,1541163
diloco,A1,4,100,0,1.0,0.8999999761581421,reset,0,600,DONE,1.84391550719738,1.7784576416015625,False,,a56714a2c7e7d434463bf39d36015c9e138ace358bd9467b4a16dc4009abcbc9,6086.3,1541117
diloco,A1,4,100,1,1.0,0.8999999761581421,reset,0,600,DONE,1.8337542116641998,1.726779580116272,False,,3f49c4fc1449d46be61244a0ddbb35a7e025ec7929aaf87725832c233cd5e812,6714.7,1541160
diloco,A1,4,100,2,1.0,0.8999999761581421,reset,0,600,DONE,1.8601349741220474,1.9619085788726807,False,,f09e71f080211b41967c212b87d10966b8f42ccf240caffd94bdbca32fc3005f,6745.4,1541145
diloco,A2,2,30,0,0.2,0.8999999761581421,reset,3,600,DONE,2.0240824669599533,1.9359073638916016,False,,890c7b1bf6753adc727ca6f55b317d4281e17f51e1b9a443268dc2309e445320,2731.7,1541123
diloco,A2,2,30,1,0.2,0.8999999761581421,reset,3,600,DONE,2.0028987005352974,1.954811453819275,False,,b519bfb9e98b83b375f275c9142d69c6c77f621fdd7db6b85b1baef02b054093,2885.3,1541178
diloco,A2,2,30,2,0.2,0.8999999761581421,reset,3,600,DONE,2.0318430438637733,1.984742283821106,False,,2c37fbfcd2f17570b8a619db70156d9483e8f2841aa01da9cb7c08847684b19d,3986.7,1541145
diloco,A2,2,30,0,0.4,0.8999999761581421,reset,3,600,DONE,1.8992144539952278,1.8150615692138672,False,,ba9868dcd16979a520673b94bba4aeadc58f227e6422b0979e78719187f96c2d,2799.3,1541144
diloco,A2,2,30,1,0.4,0.8999999761581421,reset,3,600,DONE,1.8684101477265358,1.8298929929733276,False,,a7cca87cb6c66bd67c8dd194af65bd4705b4498468f444a13e6c5d10c845f041,3209.4,1541140
diloco,A2,2,30,2,0.4,0.8999999761581421,reset,3,600,DONE,1.9067547172307968,1.8793526887893677,False,,369c9967da29ffed078f8f7004ef0cab5d4d8ec0a1620564ba5c92923fb4b925,3774.6,1541112
diloco,A2,2,30,0,0.7,0.8999999761581421,reset,3,600,DONE,1.8899480402469635,1.7810158729553223,False,,78fc57e47e0172717dfe74ca7ff7bacb5bb6339935bcbd9dd4e9152786d0203f,2727.8,1541164
diloco,A2,2,30,1,0.7,0.8999999761581421,reset,3,600,DONE,1.8622314929962158,1.8316781520843506,False,,5ede9f40f7bf5d0f5d994a3fe5bc55379fcbd6c1936caf925ac5a092ddb5b94d,2818.7,1541179
diloco,A2,2,30,2,0.7,0.8999999761581421,reset,3,600,DONE,1.8877304792404175,1.8517022132873535,False,,a537efb93b08a8b1dd0ab8d6a753d5759a5aa5b734bdbe2bf9aef39a5a864f45,4040.7,1541136
diloco,A2,2,30,0,1.0,0.8999999761581421,reset,3,600,DONE,1.9384732693433762,1.8402378559112549,False,,52482dcfda1dedac247d187018dcc21d6973730e04ba8a125d429f26bf961f62,2815.2,1541175
diloco,A2,2,30,1,1.0,0.8999999761581421,reset,3,600,DONE,1.9430426582694054,1.8964591026306152,False,,2077abbc3df7cc00a58db99821a8cc3138e5fd257f342e2873e89ecfe79b3818,3921.5,1541168
diloco,A2,2,30,2,1.0,0.8999999761581421,reset,3,600,DONE,1.9527342170476913,1.894063949584961,False,,3d0184f0c313bd8e4bfdddafb78c584bb457241bbeea42901f947ba4e5356db3,4048.0,1541119
diloco,A2,2,100,0,0.2,0.8999999761581421,reset,10,600,DONE,2.048927776515484,1.8685448169708252,False,,0b068cd64e26cdb161eb3db42d3de7bdf6f041f303a53691bcc9a103451674a2,3360.4,1541173
diloco,A2,2,100,1,0.2,0.8999999761581421,reset,10,600,DONE,2.0415025651454926,1.8553738594055176,False,,da4155fe66e3198bc1475ffb7c1d8af6b64d3fe749d50552725616c1a702519c,3295.1,1541115
diloco,A2,2,100,2,0.2,0.8999999761581421,reset,10,600,DONE,2.1066462695598602,1.9430091381072998,False,,2a1a5041095bb8c6b15baf78d08dd3d88655e15f621c9bdecb1ddadf63476af0,2477.8,1541134
diloco,A2,2,100,0,0.4,0.8999999761581421,reset,10,600,DONE,1.8933399766683578,1.7804964780807495,False,,385363fa9d8e6bafc4540f74a0a6ae19d6e7d8cd79afba90904846bd8f995355,3524.3,1541144
diloco,A2,2,100,1,0.4,0.8999999761581421,reset,10,600,DONE,1.8644519075751305,1.7649484872817993,False,,d955294871cfa80a4583e8d99de687ade1d153ce68fb153325b96f370821b4df,3240.2,1541165
diloco,A2,2,100,2,0.4,0.8999999761581421,reset,10,600,DONE,1.95378790050745,1.857260823249817,False,,a0b84099140cfa0d5e3980328f92ce83ef63f0bd81e6c8210f8f2d81028da086,2495.3,1541159
diloco,A2,2,100,0,0.7,0.8999999761581421,reset,10,600,DONE,1.8431690111756325,1.7799285650253296,False,,224130c9ae3069185d4b5767fe14b9b9dba37cd1ef9330b88b4af54ac527d608,3378.7,1541147
diloco,A2,2,100,1,0.7,0.8999999761581421,reset,10,600,DONE,1.8204752951860428,1.7697888612747192,False,,146cbd5d858ea008a8f5ff080f94a3bcf05fd823d2a1ed5108b84385d59cc66b,3290.5,1541179
diloco,A2,2,100,2,0.7,0.8999999761581421,reset,10,600,DONE,1.8909638300538063,1.8193624019622803,False,,c86cf206d044566c32776563e6cbd98de8835a960d540a985cb1374e33ba52e0,2794.0,1541130
diloco,A2,2,100,0,1.0,0.8999999761581421,reset,10,600,DONE,1.9048532545566559,1.8371797800064087,False,,ace3cfb009e17254662a81d2e1a958bf6ad107fa56ff79acac7c1864281d0d05,3373.8,1541175
diloco,A2,2,100,1,1.0,0.8999999761581421,reset,10,600,DONE,1.873514048755169,1.7906533479690552,False,,4b40a0b55c9caa9b203c3786a89c9ba01b1ee9db981d092f11ef178ba9226090,3111.1,1541140
diloco,A2,2,100,2,1.0,0.8999999761581421,reset,10,600,DONE,1.9221665486693382,1.8380422592163086,False,,c84512ca01c211928a48dfcf463f2ee67d543496c323ca402af9847bcd353f19,2798.3,1541127
diloco,A2,4,30,0,0.2,0.8999999761581421,reset,3,600,DONE,2.020239621400833,2.0141353607177734,False,,846de77b3d5fec8b4ac15a2d0cb0f8f6b36174350617490f67d72f7c32f21369,6889.5,1541133
diloco,A2,4,30,1,0.2,0.8999999761581421,reset,3,600,DONE,2.019464425742626,2.0805587768554688,False,,9aabfe0e286fa86b951a8f78837840efb9180cd703b27c95500c09992a6c2b02,6267.1,1541147
diloco,A2,4,30,2,0.2,0.8999999761581421,reset,3,600,DONE,2.019501894712448,2.0246059894561768,False,,c3649a4c63b314d74b764177ca2caa5ea92b6c3fba51b43f166d59a9d39f829d,6801.6,1541161
diloco,A2,4,30,0,0.4,0.8999999761581421,reset,3,600,DONE,1.881315365433693,1.8963940143585205,False,,07585946f7f69759066600bd9dd5e743f1b19f4e3e67efed6c7d7542e83a7b96,6907.2,1541134
diloco,A2,4,30,1,0.4,0.8999999761581421,reset,3,600,DONE,1.8446248695254326,1.9155887365341187,False,,e1b3a169d554e7aff8e6eb718100aaec0b037980c828d756986d362fe281c6d2,6925.7,1541151
diloco,A2,4,30,2,0.4,0.8999999761581421,reset,3,600,DONE,1.8926969841122627,1.8972026109695435,False,,5177e52995293a4112b7ae1a8f70696dcaad12d7efd63e3f38cb1acc16426ca6,6424.6,1541158
diloco,A2,4,30,0,0.7,0.8999999761581421,reset,3,600,DONE,1.8401349112391472,1.862141728401184,False,,517c3bc645ac60464ce993768796d42c9588c975deeecb91f3313d8769d5fb19,6814.5,1541122
diloco,A2,4,30,1,0.7,0.8999999761581421,reset,3,600,DONE,1.810666672885418,1.8790533542633057,False,,6e84135ccdd45bd8a604f6a55e3f58ccf376486546db3c30330e02f0356331f1,6384.5,1541142
diloco,A2,4,30,2,0.7,0.8999999761581421,reset,3,600,DONE,1.846009224653244,1.833065152168274,False,,85409186616066fb52f6e5cdea48b39b6d325ec734c97f7fbf358f3776edf3b9,6355.7,1541166
diloco,A2,4,30,0,1.0,0.8999999761581421,reset,3,600,DONE,1.8759187161922455,1.8827574253082275,False,,3d0d7b364fc3178494b504d9763878d16126d6799ac7e2998c3861dc53778d4d,6345.6,1541137
diloco,A2,4,30,1,1.0,0.8999999761581421,reset,3,600,DONE,1.8737123906612396,1.9586896896362305,False,,2bc847d7d44ce4b015af5f321c33efb58f1d249ae8eda8c96b00797dc90cb11a,6826.6,1541174
diloco,A2,4,30,2,1.0,0.8999999761581421,reset,3,600,DONE,1.889579713344574,1.864205002784729,False,,d1d18adf424a22923ef2bdcde4b246be1114921fa3a54f2cd4c67d90d0936ccb,6411.2,1541162
diloco,A2,4,100,0,0.2,0.8999999761581421,reset,10,600,DONE,2.061383381485939,1.8667320013046265,False,,ea6779565cc93311d618c6d4318a358d4154cf38ffacbaa24d352abe2a4a3544,6117.0,1541137
diloco,A2,4,100,1,0.2,0.8999999761581421,reset,10,600,DONE,2.030686229467392,1.8061316013336182,False,,f02e570cdfd75d527cb9ca6a3356d477abc99fdbb025a4445438e3cafb4bbf03,6751.8,1541131
diloco,A2,4,100,2,0.2,0.8999999761581421,reset,10,600,DONE,2.1138529628515244,2.091574192047119,False,,bc9022c8a42af908c3d8473d9696675a806566946a0e6f018b6811cffe0eb447,6778.6,1541133
diloco,A2,4,100,0,0.4,0.8999999761581421,reset,10,600,DONE,1.8715256825089455,1.7664575576782227,False,,adcb39728b5510dda8916283669c14a786446c436f777579e8431df23c6f07c1,6219.5,1541115
diloco,A2,4,100,1,0.4,0.8999999761581421,reset,10,600,DONE,1.8648191317915916,1.726772427558899,False,,10564ae95ac3729150fea7605bdf9742acaf97aa8c15675dd3d2fdb2ae104be8,6790.7,1541152
diloco,A2,4,100,2,0.4,0.8999999761581421,reset,10,600,DONE,1.9461403712630272,2.004063844680786,False,,97aa166f8c263f424812c558a8927c4aa8b3bfb35336a9c9b5efc2f888125e1b,6766.1,1541172
diloco,A2,4,100,0,0.7,0.8999999761581421,reset,10,600,DONE,1.8022428080439568,1.7280974388122559,False,,8ac56633ba1c5dc01ec6993c57860d1651e9bb20d0213c45b0ecf1136b625faf,6139.8,1541153
diloco,A2,4,100,1,0.7,0.8999999761581421,reset,10,600,DONE,1.8009877279400826,1.7063003778457642,False,,4a06bd4070f4e02cf4f3be4c92b10bb6939c967e590e9c5c007e5d85ba8a2ba7,6739.1,1541118
diloco,A2,4,100,2,0.7,0.8999999761581421,reset,10,600,DONE,1.8536680713295937,1.944716453552246,False,,bfffa75fcf81d752d7c7d2c1120b5643bd75b9fba9f84f38e44523070591d961,6655.0,1541121
diloco,A2,4,100,0,1.0,0.8999999761581421,reset,10,600,DONE,1.847892664372921,1.772904396057129,False,,7b57fc8b92b763aa8c756c8f8bafc8c1488ddf98c83951114d71dfa33a083586,6185.4,1541166
diloco,A2,4,100,1,1.0,0.8999999761581421,reset,10,600,DONE,1.8418020606040955,1.7399600744247437,False,,8478ddc2016ee8091877f119c04fccf23e2c65f967e87ae946e837f8b4e32f2d,6783.3,1541128
diloco,A2,4,100,2,1.0,0.8999999761581421,reset,10,600,DONE,1.863444559276104,1.967549443244934,False,,329e7b8b2a0419269b03cb536c9643c67b84f84487c8cf2068899eb89523c670,6721.7,1541136
diloco,A3,2,30,0,0.2,0.8999999761581421,derived,0,600,DONE,2.2430862337350845,2.162046194076538,False,,5ce979ae1fcf9700cefa5ecefd78b874cc413e773ea5a414feac74ceae964dad,2891.5,1541137
diloco,A3,2,30,1,0.2,0.8999999761581421,derived,0,600,DONE,2.235172837972641,2.188936948776245,False,,87effa1e7623b1895b3402ae70c7331ccbd7379a12a4ce070d47abefb29a2322,3863.5,1541125
diloco,A3,2,30,2,0.2,0.8999999761581421,derived,0,600,DONE,2.2588815838098526,2.191457748413086,False,,cff44daf3c5827bd60ea598a929c53b13d8535f19be0a4eca9a0b47d3f450c7f,3936.4,1541130
diloco,A3,2,30,0,0.4,0.8999999761581421,derived,0,600,DONE,2.098590224981308,2.011258602142334,False,,8489c9d1d569098abac0454549e151c33f01915af6d41367a44c2593e40f597d,2760.9,1541173
diloco,A3,2,30,1,0.4,0.8999999761581421,derived,0,600,DONE,2.1145939379930496,2.0766968727111816,False,,f404375886799e4a2d3102a1ec7fd33ae996da7576aab75f1d7cb1848316ee54,2906.5,1541156
diloco,A3,2,30,2,0.4,0.8999999761581421,derived,0,600,DONE,2.1349921971559525,2.078977584838867,False,,21280990bd55d1a39e26bf1bcea14f729a00471d5af5732c247aaeffa647ea70,3928.8,1541134
diloco,A3,2,30,0,0.7,0.8999999761581421,derived,0,600,DONE,2.054729752242565,1.9759126901626587,False,,bac7cba2a47ba21c01ef0721af901b39f6c177f57390fb62a8c1e1eecc0509fa,2891.1,1541149
diloco,A3,2,30,1,0.7,0.8999999761581421,derived,0,600,DONE,2.085849955677986,2.031282901763916,False,,1e4ed97a564de85aea44c42658299d8b95b0de197acac8f77f02889ef5956743,3955.6,1541160
diloco,A3,2,30,2,0.7,0.8999999761581421,derived,0,600,DONE,2.047212094068527,2.0005693435668945,False,,3bc69f721be6623bba0534b82f802a145d9f02365e2ebacd3695abeca7dda9ee,4127.0,1541154
diloco,A3,2,30,0,1.0,0.8999999761581421,derived,0,600,DONE,2.1319241523742676,2.0405020713806152,False,,87102630f185b31e485ff6de9a2158a3e353b31b390eac60ee6acdc629d87209,2936.6,1541157
diloco,A3,2,30,1,1.0,0.8999999761581421,derived,0,600,DONE,2.165364056825638,2.1172685623168945,False,,f547ddc8ff97e6585e9dadf63666696d3779a0d805f8d66e9d161834add9e10e,3815.2,1541161
diloco,A3,2,30,2,1.0,0.8999999761581421,derived,0,600,DONE,2.1513783037662506,2.086458683013916,False,,0996f3891147932b98e8d4ba7ca307838437850c4ab1b9604de743634bfc1a6f,4088.1,1541172
diloco,A3,2,100,0,0.2,0.8999999761581421,derived,0,600,DONE,2.2671741247177124,2.1000945568084717,False,,fb41ce931ccc2b03491a2e3b89d0e0ee82b325067c7b3128cf9c11a85ec2e359,3427.7,1541142
diloco,A3,2,100,1,0.2,0.8999999761581421,derived,0,600,DONE,2.249579071998596,2.0938382148742676,False,,522021094b908bcbb8c88971f3cf07c25922b6d531a905baf9d6b0b4bbc8d850,2920.1,1541156
diloco,A3,2,100,2,0.2,0.8999999761581421,derived,0,600,DONE,2.2639086693525314,2.1498565673828125,False,,68f1aea594d87887dec9e7ee7187675e66ba86bf6b6626e5154ea9a8965877bb,2820.1,1541126
diloco,A3,2,100,0,0.4,0.8999999761581421,derived,0,600,DONE,2.089420333504677,2.003952741622925,False,,7000ad75f1b59cf1d5e95e583b0e096e3eb7f0c8eb02383786f0bb5254b2b43b,3483.4,1541120
diloco,A3,2,100,1,0.4,0.8999999761581421,derived,0,600,DONE,2.0871105194091797,1.9857743978500366,False,,b3eeed0d72de6e1bed4634ab65209a4100e10c2a8210d9627e7fc574eb284742,3052.7,1541125
diloco,A3,2,100,2,0.4,0.8999999761581421,derived,0,600,DONE,2.0900461599230766,2.011608362197876,False,,75129bcc1515477acae9690e9a941d2d6bf595ec34c4ca2a2b29f9041db8b50d,2484.7,1541145
diloco,A3,2,100,0,0.7,0.8999999761581421,derived,0,600,DONE,1.9781112000346184,1.9232097864151,False,,fc5bacf730902a1c2fc349f4d8f50377a22c678c62dbd123a910bb0cffbb8c36,3338.7,1541170
diloco,A3,2,100,1,0.7,0.8999999761581421,derived,0,600,DONE,1.9750710055232048,1.9077463150024414,False,,a0d32c0c34d21ecd471e58e536bb6a44b3e034f7f67d6f9e855f9793c212381f,3050.3,1541168
diloco,A3,2,100,2,0.7,0.8999999761581421,derived,0,600,DONE,2.001923955976963,1.938040852546692,False,,79f3275ef06c570ccb4176ff545bb40467255432957dcbcc24b58510b7758943,2691.4,1541148
diloco,A3,2,100,0,1.0,0.8999999761581421,derived,0,600,DONE,1.9798339009284973,1.9132072925567627,False,,f2f2f675158fe4eb688d87b5095947517f19449fb7929aade54f20fb70207325,3369.1,1541117
diloco,A3,2,100,1,1.0,0.8999999761581421,derived,0,600,DONE,1.9677469432353973,1.892884612083435,False,,5014e4d1eedc9906031de300afaf09984071b7fedf9dc67ebdf203e226d207b6,2913.3,1541161
diloco,A3,2,100,2,1.0,0.8999999761581421,derived,0,600,DONE,1.9688404947519302,1.884067177772522,False,,349ac48e7f771285c8b30586cbf34472b928e1019ecc8cd910889fa6e82c7b64,2815.4,1541133
diloco,A3,4,30,0,0.2,0.8999999761581421,derived,0,600,DONE,2.2413877844810486,2.234114170074463,False,,a895e5d91b642c1d083b1ad50c8731f5fcb459d4e6f1ddb950a531949f0bf457,6895.9,1541121
diloco,A3,4,30,1,0.2,0.8999999761581421,derived,0,600,DONE,2.2090325355529785,2.259965181350708,False,,ad8aa30acde68999dc362181cb3bcf10fbaacf4d21f135b0bc0af552352557c7,6412.6,1541156
diloco,A3,4,30,2,0.2,0.8999999761581421,derived,0,600,DONE,2.2508604675531387,2.289310932159424,False,,2844a56428f019a93c1366d31c4c237713de1d63904f7db8c9c9dd1c83bb14d0,6315.3,1541157
diloco,A3,4,30,0,0.4,0.8999999761581421,derived,0,600,DONE,2.090634860098362,2.094491720199585,False,,afd7449706f0c521773c25bab0675f148b1678fba9f942621dda2fe713182c5a,6407.0,1541116
diloco,A3,4,30,1,0.4,0.8999999761581421,derived,0,600,DONE,2.061623089015484,2.1461524963378906,False,,1489e8193261bed8ebdcda45e77618ae3890ed9529a8b4527f5609626508d053,6871.1,1541145
diloco,A3,4,30,2,0.4,0.8999999761581421,derived,0,600,DONE,2.078394293785095,2.0935161113739014,False,,ef1f26d671b2b1e1800e35181adbcc97fd466b19785c52a76baffc52376f6800,6466.8,1541165
diloco,A3,4,30,0,0.7,0.8999999761581421,derived,0,600,DONE,1.9815135225653648,1.9829820394515991,False,,f6a01445d26e1254857cbab9dcefd7fa02abb0ad403dc2cfaa3f07ed162e15f8,6244.2,1541132
diloco,A3,4,30,1,0.7,0.8999999761581421,derived,0,600,DONE,1.9937751740217209,2.083012342453003,False,,bae6243c46910f9dd83fe4f75ba3caaf2b799a70f0f5459fa48ffdf76432d118,6351.6,1541153
diloco,A3,4,30,2,0.7,0.8999999761581421,derived,0,600,DONE,2.019858032464981,2.0318996906280518,False,,00d1ab0fd417364adb9baf5b0edb2e1d99fe00bcc30476d5a475e36b3c81ec09,6863.0,1541171
diloco,A3,4,30,0,1.0,0.8999999761581421,derived,0,600,DONE,2.1122837960720062,2.117830514907837,False,,704c82e85a955ee2d2c5cd09bab2ab83e89182d2e4ee9770d092205e8989f10c,6869.4,1541130
diloco,A3,4,30,1,1.0,0.8999999761581421,derived,0,600,DONE,2.068694978952408,2.145231008529663,False,,95d658be34566f33cf741e19b173e622b4d71c47098912e136ff970c21ce9c93,6962.6,1541146
diloco,A3,4,30,2,1.0,0.8999999761581421,derived,0,600,DONE,2.084182284772396,2.09122896194458,False,,1252c2fae6450f777a858d16d7ab17f511d317e8ef23f036832202a456a984c4,6784.8,1541167
diloco,A3,4,100,0,0.2,0.8999999761581421,derived,0,600,DONE,2.2583024501800537,2.103206157684326,False,,bd0c50a1fbf014caea85b31081ffa5c5fcaf10fca63861107698cbdf42f748e0,6117.0,1541149
diloco,A3,4,100,1,0.2,0.8999999761581421,derived,0,600,DONE,2.2408118695020676,2.1057627201080322,False,,564617cd2eae36baa31ddb16ae8b5316ad3f4dd748cc84a34121e4082e3c9e74,6702.5,1541138
diloco,A3,4,100,2,0.2,0.8999999761581421,derived,0,600,DONE,2.248001828789711,2.2698962688446045,False,,1d27c942c0c29649afca57d15290ecaadffcb572159feb8e44d38dc00956eae0,5542.3,1541164
diloco,A3,4,100,0,0.4,0.8999999761581421,derived,0,600,DONE,2.0702229887247086,1.9772082567214966,False,,3ae89246ed147fda32138906db642004084aeeeba1faab030d211059fb85bdf3,6375.4,1541140
diloco,A3,4,100,1,0.4,0.8999999761581421,derived,0,600,DONE,2.072803482413292,1.9778540134429932,False,,1ec8581489aff9dd7793f8e0f84d870f3c302d2d8ebef2cb15f3f63ae6ae2763,6796.0,1541167
diloco,A3,4,100,2,0.4,0.8999999761581421,derived,0,600,DONE,2.1018421724438667,2.171952486038208,False,,19bed127f631402ee0c92b1c36768afeae0aa19b0fee9d5051f724d7f64d0b7a,6731.6,1541134
diloco,A3,4,100,0,0.7,0.8999999761581421,derived,0,600,DONE,1.9622797444462776,1.9085620641708374,False,,d552011402177536462c4673c0e3388205f00ced6468bc2d448538e3946c568d,6171.6,1541169
diloco,A3,4,100,1,0.7,0.8999999761581421,derived,0,600,DONE,1.9975230991840363,1.910692811012268,False,,8c65df12a5ff25d75b7c72f477f22d1bc43403617107b5b4ce581be0cf4d67a5,6686.8,1541161
diloco,A3,4,100,2,0.7,0.8999999761581421,derived,0,600,DONE,1.98065946996212,2.083458662033081,False,,c59f26d18b3035c1740f2ae4e4f23b2ee89ee03cf370e20a9742c00beb1b73bf,5492.2,1541139
diloco,A3,4,100,0,1.0,0.8999999761581421,derived,0,600,DONE,1.9405250400304794,1.8788385391235352,False,,9e30968d3c27b64cf292ac82d9112cef75a1d30ebf3ba0cd9053b82bd9f4c532,6122.4,1541142
diloco,A3,4,100,1,1.0,0.8999999761581421,derived,0,600,DONE,1.9353271126747131,1.847498893737793,False,,cd9fa42a3e1dda643008a89e0ec6005e285fc57d1849fdc4aae85f84a3b1bc27,6832.8,1541119
diloco,A3,4,100,2,1.0,0.8999999761581421,derived,0,600,DONE,1.9517490789294243,2.0487351417541504,False,,eddd3739b7eff8cfb4af41c601b19ad8493d85371c89f4a8c29fd1d617ee66ac,6765.3,1541124
diloco,NEG,2,30,0,0.2,-0.9,carry,0,600,DONE,2.511163115501404,2.3510732650756836,False,,a28037902e45ce8fe0acaf73c6c2171fbe656f6630fbeb600f7f8b61053a5114,2848.2,1541176
diloco,NEG,2,30,1,0.2,-0.9,carry,0,600,DONE,2.498602017760277,2.3884060382843018,False,,fb6f47b52c45ea1302308c5ccb232508817e86c572560e18880ab0e71ba6b7ad,3910.0,1541138
diloco,NEG,2,30,2,0.2,-0.9,carry,0,600,DONE,2.518067717552185,2.4157254695892334,False,,25add9e9758133200d85bcf86e6a83a3067466259978462e6815d87c4604ec3f,3992.1,1541133
diloco,NEG,2,30,0,0.4,-0.9,carry,0,600,DONE,2.185215950012207,2.0830581188201904,False,,280ea984c5995030042afc352bb77114f8701a9757bf5856019076e26eafaecd,2845.1,1541155
diloco,NEG,2,30,1,0.4,-0.9,carry,0,600,DONE,2.165092095732689,2.086782455444336,False,,6a70e9d9a0fba765319add316719285eba2178c0fe358e80f400cb27600a65cf,3829.3,1541150
diloco,NEG,2,30,2,0.4,-0.9,carry,0,600,DONE,2.2300326377153397,2.1734042167663574,False,,9a59692c14c078b0c92a7769508cc2d5cc2d7397ff730089d2eb037b07bf7e94,4086.8,1541151
diloco,NEG,2,30,0,0.7,-0.9,carry,0,600,DONE,2.035227343440056,1.9626085758209229,False,,10f8cbbfc277bf4bf7ce5b36b9dd4c7e94d75ebf94a331814c9f8bdcd6c0fe72,2916.1,1541153
diloco,NEG,2,30,1,0.7,-0.9,carry,0,600,DONE,1.98895812779665,1.9258068799972534,False,,e80fd782397c9f3ecb7329cbd71c7840c9dca3952fa4f153d21c280ad89318ed,3968.5,1541118
diloco,NEG,2,30,2,0.7,-0.9,carry,0,600,DONE,2.077941559255123,2.0286269187927246,False,,97e0cd74290dcd0750d9a297a959d2c61f2a60d259e680af21df7272b092563b,3996.6,1541124
diloco,NEG,2,30,0,1.0,-0.9,carry,0,600,DONE,1.9707370772957802,1.9046995639801025,False,,4ab3e06dd19e27ef0d4fe5d689cea8e106f5bc2159fda87b7110de5e167fc700,2799.3,1541170
diloco,NEG,2,30,1,1.0,-0.9,carry,0,600,DONE,1.9131484180688858,1.8670504093170166,False,,f9a40c120e08c7255376e193cae5e9b640a6c8b4cacf7cb38300c823d28c8eb2,3962.2,1541131
diloco,NEG,2,30,2,1.0,-0.9,carry,0,600,DONE,2.0079160034656525,1.958731770515442,False,,aafd81b33225862c7bbfaf7c50720ca7cb089d74735daa48f733b6380a889531,3958.1,1541141
diloco,NEG,2,100,0,0.2,-0.9,carry,0,600,DONE,2.8341260254383087,2.2586498260498047,False,,2953bf7fb4eb161d066c1d697c3b18890032871e09a5e7b4d61d83bbd48ebc9a,3482.6,1541155
diloco,NEG,2,100,1,0.2,-0.9,carry,0,600,DONE,2.8325739949941635,2.259474754333496,False,,ee5f4d819f165376e3c6b13276d38a3c5b7884e71f53a23cbe03ec889b291b89,2896.7,1541150
diloco,NEG,2,100,2,0.2,-0.9,carry,0,600,DONE,2.8175624310970306,2.3888192176818848,False,,9b549f9c8a84c386c97a6510d3cab552629b7895aba9cc11df65e0a1f8b40fb4,2762.1,1541141
diloco,NEG,2,100,0,0.4,-0.9,carry,0,600,DONE,2.3728654384613037,2.094265937805176,False,,f76c5e1a6a0220b399ff521e07ff0f7ab0f8af85c2557a0ffe31ebb29beeb43d,3333.8,1541176
diloco,NEG,2,100,1,0.4,-0.9,carry,0,600,DONE,2.3692915737628937,2.0888876914978027,False,,3d4aedd41e6723087183bae838ae54598e74543ce2efbcb3efb5e423607b8175,2662.0,1541160
diloco,NEG,2,100,2,0.4,-0.9,carry,0,600,DONE,2.382169410586357,2.182600736618042,False,,0e6fd33ea7765342107149d9ffa779d625c9981de5d1c6a1625c98eb30e97d97,2799.9,1541136
diloco,NEG,2,100,0,0.7,-0.9,carry,0,600,DONE,2.0987749248743057,1.978210687637329,False,,1a269f51791613160545ab80008b33b5939ed10ab01c3272638566e64d33f234,3364.2,1541137
diloco,NEG,2,100,1,0.7,-0.9,carry,0,600,DONE,2.1021693497896194,1.9705266952514648,False,,5c7756a9fa3deb20546b872293fa91c3bc37797eacb24c8dd29d14fb4bba1072,2672.7,1541138
diloco,NEG,2,100,2,0.7,-0.9,carry,0,600,DONE,2.1480229943990707,2.0487680435180664,False,,f5c6dc80974ab0b38348d4942f7b52cd8688b1933cfd5cd118d4e88a00048820,2788.3,1541119
diloco,NEG,2,100,0,1.0,-0.9,carry,0,600,DONE,2.0200344920158386,1.9289709329605103,False,,3ee77fca9479e3f69cea25919886a2b695cbb60f3b184ad15c1f969acf785620,3366.9,1541149
diloco,NEG,2,100,1,1.0,-0.9,carry,0,600,DONE,2.014526888728142,1.9195986986160278,False,,09e719c7d0700c949944fb71679ef2287636b112bffb204e9834324ae7efc146,2818.8,1541112
diloco,NEG,2,100,2,1.0,-0.9,carry,0,600,DONE,2.058890238404274,1.9907454252243042,False,,d0577b207a3f5025e380b3c7665ea8effa44cfa8d622f09f431f8566f62248ae,2744.0,1541124
diloco,NEG,4,30,0,0.2,-0.9,carry,0,600,DONE,2.4961577653884888,2.4072563648223877,False,,a57ca867cdf04c0df32ce8d72f70d4910451700506a88ac4ee22604f74fb991a,6854.1,1541127
diloco,NEG,4,30,1,0.2,-0.9,carry,0,600,DONE,2.5138514786958694,2.5159151554107666,False,,ea05f346a64d53972f8ecbcfaf4c3d22aade18c1196150a10125ab8ebdd6550a,6365.2,1541149
diloco,NEG,4,30,2,0.2,-0.9,carry,0,600,DONE,2.50949464738369,2.490325927734375,False,,8f20479c6012b6c7eb101c9f695cc135800696511732d9d02f31ce18afaaaeb6,6396.4,1541176
diloco,NEG,4,30,0,0.4,-0.9,carry,0,600,DONE,2.170940339565277,2.1529123783111572,False,,1f548e1d82c4b54e6c3aa1001b0779a476a86fcb651618f9991f9754255fe6d1,6795.6,1541119
diloco,NEG,4,30,1,0.4,-0.9,carry,0,600,DONE,2.170033872127533,2.219251871109009,False,,afd4029d150c5801814b156bed826c42d105691934739b05efd259ceb8e164dc,6814.1,1541159
diloco,NEG,4,30,2,0.4,-0.9,carry,0,600,DONE,2.2191372960805893,2.2179315090179443,False,,5eae9eddc834f3ab134987d6ac9abe47d502abbe855103aafa5698423c831980,6829.6,1541177
diloco,NEG,4,30,0,0.7,-0.9,carry,0,600,DONE,2.0071783661842346,2.0128443241119385,False,,192f1da4de39a9a9d0eaa4e5fdcebc782f89b7d4c358c27a2f3357c48805699c,6920.1,1541124
diloco,NEG,4,30,1,0.7,-0.9,carry,0,600,DONE,1.9874766319990158,2.0605010986328125,False,,1831aa489d37a02ccca5b153e605d49b5490b214de820cf6e24b51bd8ec6bd10,6812.4,1541154
diloco,NEG,4,30,2,0.7,-0.9,carry,0,600,DONE,2.0669649615883827,2.0589568614959717,False,,f10419abe2e650ac40153a7fe4931f3e9f87bfb9c92fa70f94f7124b6657bc02,6316.8,1541175
diloco,NEG,4,30,0,1.0,-0.9,carry,0,600,DONE,1.9454523921012878,1.948663353919983,False,,e90c54f389182ce43deef15275491208c01c8b54cca44fe54ed34727850339d1,6960.1,1541125
diloco,NEG,4,30,1,1.0,-0.9,carry,0,600,DONE,1.9107752367854118,1.9874435663223267,False,,ceeb3f200d5d1094662477327adabf9fe96ff28da65cbd32f1e324863475968a,6412.6,1541143
diloco,NEG,4,30,2,1.0,-0.9,carry,0,600,DONE,1.994350016117096,1.9893251657485962,False,,f1f39402179d9fd0e710e64155d08000ec7aa204df5c7f2a1e0adb751fe03797,6427.5,1541173
diloco,NEG,4,100,0,0.2,-0.9,carry,0,600,DONE,2.838142156600952,2.3452184200286865,False,,5ec7cbbb61e47709fadd4cf14166ccab73a17e035d3e36e81d518bf86e7debc8,6892.3,1541168
diloco,NEG,4,100,1,0.2,-0.9,carry,0,600,DONE,2.822804406285286,2.307377815246582,False,,1365e7c94c72b463425117e8ee58d84eacdc3d43e72182a35dd96846c1b84b3f,6729.3,1541159
diloco,NEG,4,100,2,0.2,-0.9,carry,0,600,DONE,2.8159330636262894,2.4995832443237305,False,,d7269e962543243b9ed0b7250460100a9b756ff2ae932c7412897593daff0e07,6746.0,1541151
diloco,NEG,4,100,0,0.4,-0.9,carry,0,600,DONE,2.3783456534147263,2.1104519367218018,False,,d2211aaa933e2a4a7f69e1bfcf6b2f1faef2424d213ab7358bb45888ce927020,6089.6,1541176
diloco,NEG,4,100,1,0.4,-0.9,carry,0,600,DONE,2.3828267604112625,2.120190382003784,False,,7eb8a9b1ae9dc6c88be693caf6db3140be2e2d6e3cd38494c484f174bbdb7f22,6779.2,1541122
diloco,NEG,4,100,2,0.4,-0.9,carry,0,600,DONE,2.3840530663728714,2.277350664138794,False,,5c70d952671ad62ae8c08a786d4c1b01c481e3391fdd81c7836cf9b40d188ffd,5850.7,1541179
diloco,NEG,4,100,0,0.7,-0.9,carry,0,600,DONE,2.1029321253299713,1.9850002527236938,False,,24d64ec15719d7d822e435830196b301c78b3df6fb70711b859363d31f632b33,6115.9,1541116
diloco,NEG,4,100,1,0.7,-0.9,carry,0,600,DONE,2.106667533516884,1.9738826751708984,False,,a8a218eedb3d0f69ae856a3fc96e182ec8b90c8bfdf53e8f01ed2a88a0c1f803,6841.2,1541154
diloco,NEG,4,100,2,0.7,-0.9,carry,0,600,DONE,2.1421025097370148,2.173556089401245,False,,6f7a1f6dd448b46ef3965587ea5642f70c441b5cac4720fea2c873c12c6ed91f,6761.3,1541141
diloco,NEG,4,100,0,1.0,-0.9,carry,0,600,DONE,2.00483588129282,1.9216898679733276,False,,7a70d5817e377c6d7888c4f35729d5f11db9c479b1be0cb772c27a4e5fd3c0df,6197.4,1541162
diloco,NEG,4,100,1,1.0,-0.9,carry,0,600,DONE,2.0055460557341576,1.918513298034668,False,,2bc2cf3cad59e0dd0caf079b32b8209ed04d4f4022a25dc224e0361978b884f3,6784.0,1541126
diloco,NEG,4,100,2,1.0,-0.9,carry,0,600,DONE,2.047690726816654,2.1286063194274902,False,,8f968c5d87fcdc43abfb26c9c7a5f8cd648b92258cb31fabe727de9e594a7e35,6787.3,1541146
dp,DP,2,30,0,,0.8999999761581421,carry,0,600,DONE,1.6467795073986053,1.6040832996368408,False,,67a6cd219fbba8f5354b497357273e466f329095a986e4263c9e12ed29552df0,3304.2,1541125
dp,DP,2,30,1,,0.8999999761581421,carry,0,600,DONE,1.6250525638461113,1.6612422466278076,False,,8668141bdaa70cc87ec6a3d6c9df6d1954819f364d748db06155610154573561,2879.3,1541143
dp,DP,2,30,2,,0.8999999761581421,carry,0,600,DONE,1.6857783198356628,1.6964861154556274,False,,1259be9bcaa38ed8fdd4cefb22a8314d4058cf1094d0bb54c16a77adce6f629e,3976.7,1541171
dp,DP,2,100,0,,0.8999999761581421,carry,0,600,DONE,1.648440569639206,1.6388219594955444,False,,995f39c99495f212d6116cd01d18dbda8aa43541c8eb1895d218b35c9b414c6d,3908.0,1541148
dp,DP,2,100,1,,0.8999999761581421,carry,0,600,DONE,1.6347131952643394,1.607408881187439,False,,f44eb60f1eb4c64feda1df725ceb0716c2828196517b24ed7419430cad9ceed5,3279.9,1541143
dp,DP,2,100,2,,0.8999999761581421,carry,0,600,DONE,1.684396669268608,1.6385177373886108,False,,2948b0802bd24454f1a62b5b3d96055e1b94649ae008967d263b8b06f51e9975,2879.6,1541128
dp,DP,4,30,0,,0.8999999761581421,carry,0,600,DONE,1.5445980206131935,1.5140738487243652,False,,4d97a0f61599af6a825132cd110d02f89403b9eb04c74e409c1f45bc4ff8fa89,7409.7,1541112
dp,DP,4,30,1,,0.8999999761581421,carry,0,600,DONE,1.5361462011933327,1.514841079711914,False,,a1c4741a38c492d08bb6cd4ca67182ee5ca33456dc795ca23e30698187201dd7,6917.9,1541139
dp,DP,4,30,2,,0.8999999761581421,carry,0,600,DONE,1.5523652955889702,1.548622488975525,False,,af888c80059838146fceff9d728e3a51a33168a95f1daa92bf0afab90a8918c1,6906.2,1541164
dp,DP,4,100,0,,0.8999999761581421,carry,0,600,DONE,1.5445696786046028,1.478718876838684,False,,8161cc9ef163e64534f912fd32ececfea220bbf9984b170a61d5985f53162443,6928.6,1541179
dp,DP,4,100,1,,0.8999999761581421,carry,0,600,DONE,1.534440517425537,1.5285108089447021,False,,427c8b3e8b518c2a7cf4e089e74684f6dd408491f503444c7086719b7b1a7de9,6951.8,1541156
dp,DP,4,100,2,,0.8999999761581421,carry,0,600,DONE,1.5649380534887314,1.5609318017959595,False,,d928f487cf7767d96e80d2f12894c386a65a1ae43ee6aecaf287f47df3d20882,7564.4,1541174
